<asdoc>

<classRec name='AS3Mailer' fullname='com.doesflash.mail:AS3Mailer' sourcefile='C:\Storage\Work\AS3Mailer\src\com\doesflash\mail\AS3Mailer.as' namespace='com.doesflash.mail' access='public' baseclass='flash.events:EventDispatcher' isFinal='false' isDynamic='false' >
<description><![CDATA[

	 AS3Mailer sends emails from Flash using either a server script or a mailto link.

	 

	 ]]></description>
<author><![CDATA[Matan Uberstein

	 ]]></author>
<metadata>
	<Event owner='com.doesflash.mail:AS3Mailer' name='error' type='flash.events.ErrorEvent' >
<description><![CDATA[

	 Dispatches if an error has occured.

	 ]]></description>
	</Event>
</metadata>
<metadata>
	<Event owner='com.doesflash.mail:AS3Mailer' name='complete' type='flash.events.Event' >
<description><![CDATA[

	 Dispatches once the server script has returned with positive results.

	 ]]></description>
	</Event>
</metadata>
</classRec>
<method name='AS3Mailer' fullname='com.doesflash.mail:AS3Mailer/AS3Mailer' isStatic='false' isFinal='false' isOverride='false'  param_names='scriptURL' param_types='String' param_defaults='null' result_type='*'>
</method>
<method name='addMessageListeners' fullname='com.doesflash.mail:AS3Mailer/protected:addMessageListeners' isStatic='false' isFinal='false' isOverride='false'  param_names='loader' param_types='flash.net:URLLoader' param_defaults='undefined' result_type='void'>
<description><![CDATA[

		 ]]></description>
<private><![CDATA[]]></private>
</method>
<method name='addRecipient' fullname='com.doesflash.mail:AS3Mailer/addRecipient' isStatic='false' isFinal='false' isOverride='false'  param_names='address;name;type' param_types='String;String;String' param_defaults='undefined;null;to' result_type='int'>
<description><![CDATA[

		 Add a recipient, either to "To", "Cc" or "Bcc" field of the email.

		 

		 ]]></description>
<param><![CDATA[address The recipient's email address.

		 ]]></param>
<param><![CDATA[name The recipient's name.

		 ]]></param>
<param><![CDATA[type The corresponding recipient list to add to. Options are "to", "cc" or "bcc".

		 

		 ]]></param>
<return><![CDATA[The index where the recipient was added.

		 ]]></return>
<see><![CDATA[#getFullAddress()

		 ]]></see>
<see><![CDATA[#getRecipientList()

		 ]]></see>
<see><![CDATA[#TO

		 ]]></see>
<see><![CDATA[#CC

		 ]]></see>
<see><![CDATA[#BCC

		 

		 ]]></see>
</method>
<method name='addScriptListeners' fullname='com.doesflash.mail:AS3Mailer/protected:addScriptListeners' isStatic='false' isFinal='false' isOverride='false'  param_names='loader' param_types='flash.net:URLLoader' param_defaults='undefined' result_type='void'>
<description><![CDATA[

		 ]]></description>
<private><![CDATA[]]></private>
</method>
<method name='clearRecipients' fullname='com.doesflash.mail:AS3Mailer/clearRecipients' isStatic='false' isFinal='false' isOverride='false'  param_names='type' param_types='String' param_defaults='all' result_type='void'>
<description><![CDATA[

		 Clears the recipient list of your choice or all of them.

		 

		 ]]></description>
<param><![CDATA[type The corresponding recipient list to clear. Options are "to", "cc", "bcc" or "all".

		 ]]></param>
</method>
<method name='getFullAddress' fullname='com.doesflash.mail:AS3Mailer/getFullAddress' isStatic='false' isFinal='false' isOverride='false'  param_names='address;name;braces' param_types='String;String;String' param_defaults='undefined;null;&lt;&gt;' result_type='String'>
<description><![CDATA[

		 Formats address and name into a proper full email address format.

		 

		 ]]></description>
<param><![CDATA[address The email's address. e.g. "matan&#38;example.com"

		 ]]></param>
<param><![CDATA[name The email's name prefix. e.g. "Matan Uberstein"

		 ]]></param>
<param><![CDATA[braces What braces to use around the email address. The first characher represents the opening brace and the second characher represents the closing brace.

		 

		 ]]></param>
<return><![CDATA[Formated email address String. e.g. "Matan Uberstein &lt;matan&#38;example.com&gt;"

		 ]]></return>
</method>
<method name='getRecipientList' fullname='com.doesflash.mail:AS3Mailer/getRecipientList' isStatic='false' isFinal='false' isOverride='false'  param_names='type' param_types='String' param_defaults='undefined' result_type='Array'>
<description><![CDATA[

		 Gets the recipients list according to type passed.

		 

		 ]]></description>
<param><![CDATA[type The corresponding recipient list to add to. Options are "to", "cc" or "bcc".

		 ]]></param>
</method>
<method name='isValidEmail' fullname='com.doesflash.mail:AS3Mailer/isValidEmail' isStatic='false' isFinal='false' isOverride='false'  param_names='address' param_types='String' param_defaults='undefined' result_type='Boolean'>
<description><![CDATA[

		 Validates email address.

		 

		 return Whether it is valid or not.

		 ]]></description>
</method>
<method name='loadMessage' fullname='com.doesflash.mail:AS3Mailer/protected:loadMessage' isStatic='false' isFinal='false' isOverride='false'  param_names='url' param_types='String' param_defaults='undefined' result_type='void'>
<description><![CDATA[

		 ]]></description>
<private><![CDATA[]]></private>
</method>
<method name='message_complete_handler' fullname='com.doesflash.mail:AS3Mailer/protected:message_complete_handler' isStatic='false' isFinal='false' isOverride='false'  param_names='event' param_types='flash.events:Event' param_defaults='undefined' result_type='void'>
<description><![CDATA[

		 ]]></description>
<private><![CDATA[]]></private>
</method>
<method name='message_error_handler' fullname='com.doesflash.mail:AS3Mailer/protected:message_error_handler' isStatic='false' isFinal='false' isOverride='false'  param_names='event' param_types='flash.events:ErrorEvent' param_defaults='undefined' result_type='void'>
<description><![CDATA[

		 ]]></description>
<private><![CDATA[]]></private>
</method>
<method name='removeMessageListeners' fullname='com.doesflash.mail:AS3Mailer/protected:removeMessageListeners' isStatic='false' isFinal='false' isOverride='false'  param_names='loader' param_types='flash.net:URLLoader' param_defaults='undefined' result_type='void'>
<description><![CDATA[

		 ]]></description>
<private><![CDATA[]]></private>
</method>
<method name='removeRecipientAt' fullname='com.doesflash.mail:AS3Mailer/removeRecipientAt' isStatic='false' isFinal='false' isOverride='false'  param_names='index;type' param_types='int;String' param_defaults='undefined;to' result_type='String'>
<description><![CDATA[

		 Removes a recipient at index given, from the list specified.

		 

		 ]]></description>
<param><![CDATA[index The index where the recipient should be removed.

		 ]]></param>
<param><![CDATA[type The corresponding recipient list to add to. Options are "to", "cc" or "bcc".

		 

		 ]]></param>
<see><![CDATA[#addRecipient()

		 ]]></see>
<see><![CDATA[#getRecipientList() 

		 ]]></see>
</method>
<method name='removeScriptListeners' fullname='com.doesflash.mail:AS3Mailer/protected:removeScriptListeners' isStatic='false' isFinal='false' isOverride='false'  param_names='loader' param_types='flash.net:URLLoader' param_defaults='undefined' result_type='void'>
<description><![CDATA[

		 ]]></description>
<private><![CDATA[]]></private>
</method>
<method name='script_complete_handler' fullname='com.doesflash.mail:AS3Mailer/protected:script_complete_handler' isStatic='false' isFinal='false' isOverride='false'  param_names='event' param_types='flash.events:Event' param_defaults='undefined' result_type='void'>
<description><![CDATA[

		 ]]></description>
<private><![CDATA[]]></private>
</method>
<method name='script_error_handler' fullname='com.doesflash.mail:AS3Mailer/protected:script_error_handler' isStatic='false' isFinal='false' isOverride='false'  param_names='event' param_types='flash.events:ErrorEvent' param_defaults='undefined' result_type='void'>
<description><![CDATA[

		 ]]></description>
<private><![CDATA[]]></private>
</method>
<method name='sendViaClient' fullname='com.doesflash.mail:AS3Mailer/protected:sendViaClient' isStatic='false' isFinal='false' isOverride='false'  result_type='void'>
<description><![CDATA[

		 ]]></description>
<private><![CDATA[]]></private>
</method>
<method name='sendViaScript' fullname='com.doesflash.mail:AS3Mailer/protected:sendViaScript' isStatic='false' isFinal='false' isOverride='false'  result_type='void'>
<description><![CDATA[

		 ]]></description>
<private><![CDATA[]]></private>
</method>
<method name='send' fullname='com.doesflash.mail:AS3Mailer/send' isStatic='false' isFinal='false' isOverride='false'  param_names='from;to;subject;message' param_types='String;String;String;String' param_defaults='null;null;null;null' result_type='void'>
<description><![CDATA[

		 Sends the email, either by using the server script or by invoking a "mailto" hyper link.

		 <p>

		 <strong>Types of execution:</strong>

		 <ul>

		 	<li>If "scriptURL" present: Post information to server script, server sends email.</li>

		 	<li>If "scriptURL" NOT present: Format "mailto" link, invoke mailto.</li>

		 </ul>

		 <strong>Note:</strong> There are two ways of passing the email body (aka message), setting directly

		 via "message" or setting the "messageURL". "message" will alway take preferance over "messageURL", thus

		 if "message" is set, the "messageURL" will not be loaded.

		 Also, if the "scriptURL" is set, the server will load the message, NOT Flash, but if not set, Flash will load

		 the message and attach it to the mailto link.

		 </p>

		 <p>

		 <strong>Note:</strong> Any parameter passed will overwrite any existing values. E.g. Passing parameter "from" will

		 overwrite the sender's address set via the "mailer.setFrom();" function and the "mailer.from" setter.

		 </p>

		 

		 ]]></description>
<param><![CDATA[from Quick access for the sender's email address.

		 ]]></param>
<param><![CDATA[to Quick access for the recipient. Can also be a comma separated list of recipients. E.g. myRecipients.toString();

		 ]]></param>
<param><![CDATA[subject Quick access for email subject.

		 ]]></param>
<param><![CDATA[message Quick access for email message.

		 

		 ]]></param>
<see><![CDATA[]]></see>
<see><![CDATA[]]></see>
<see><![CDATA[]]></see>
<scriptURL><![CDATA[
		 ]]></scriptURL>
<message><![CDATA[
		 ]]></message>
<messageURL><![CDATA[
		 ]]></messageURL>
</method>
<method name='setFrom' fullname='com.doesflash.mail:AS3Mailer/setFrom' isStatic='false' isFinal='false' isOverride='false'  param_names='address;name' param_types='String;String' param_defaults='undefined;null' result_type='void'>
<description><![CDATA[

		 Sets the proper "From" address.

		 

		 ]]></description>
<param><![CDATA[address The sender's email address. E.g. "no-reply&#38;doesflash.com"

		 ]]></param>
<param><![CDATA[name The sender's name.

		 

		 ]]></param>
<see><![CDATA[#from

		 ]]></see>
<see><![CDATA[#getFullAddress()

		 ]]></see>
</method>
<field name='ALL' fullname='com.doesflash.mail:AS3Mailer/ALL' type='String' isStatic='true' isConst='true' defaultValue='all' >
<description><![CDATA[

		 Constant for clearing all recipient list.

		 

		 ]]></description>
<see><![CDATA[#clearRecipients()

		 ]]></see>
</field>
<field name='BCC' fullname='com.doesflash.mail:AS3Mailer/BCC' type='String' isStatic='true' isConst='true' defaultValue='bcc' >
<description><![CDATA[

		 Constant for BCC recipient list.

		 

		 ]]></description>
<see><![CDATA[#getRecipientList()

		 ]]></see>
</field>
<field name='CC' fullname='com.doesflash.mail:AS3Mailer/CC' type='String' isStatic='true' isConst='true' defaultValue='cc' >
<description><![CDATA[

		 Constant for CC recipient list.

		 

		 ]]></description>
<see><![CDATA[#getRecipientList()

		 ]]></see>
</field>
<field name='TEXT_HTML' fullname='com.doesflash.mail:AS3Mailer/TEXT_HTML' type='String' isStatic='true' isConst='true' defaultValue='text/html' >
<description><![CDATA[

		 Constant for HTML email types.

		 

		 ]]></description>
<see><![CDATA[#type

		 ]]></see>
</field>
<field name='TEXT_PLAIN' fullname='com.doesflash.mail:AS3Mailer/TEXT_PLAIN' type='String' isStatic='true' isConst='true' defaultValue='text/plain' >
<description><![CDATA[

		 Constant for PLAIN email types.

		 

		 ]]></description>
<see><![CDATA[#type

		 ]]></see>
</field>
<field name='TO' fullname='com.doesflash.mail:AS3Mailer/TO' type='String' isStatic='true' isConst='true' defaultValue='to' >
<description><![CDATA[

		 Constant for TO recipient list.

		 

		 ]]></description>
<see><![CDATA[#getRecipientList()

		 ]]></see>
</field>
<field name='_bcc' fullname='com.doesflash.mail:AS3Mailer/protected:_bcc' type='Array' isStatic='false' isConst='false' defaultValue='unknown' >
<description><![CDATA[

		 ]]></description>
<private><![CDATA[]]></private>
</field>
<field name='_cc' fullname='com.doesflash.mail:AS3Mailer/protected:_cc' type='Array' isStatic='false' isConst='false' defaultValue='unknown' >
<description><![CDATA[

		 ]]></description>
<private><![CDATA[]]></private>
</field>
<field name='_to' fullname='com.doesflash.mail:AS3Mailer/protected:_to' type='Array' isStatic='false' isConst='false' defaultValue='unknown' >
<description><![CDATA[

		 ]]></description>
<private><![CDATA[]]></private>
</field>
<field name='charset' fullname='com.doesflash.mail:AS3Mailer/charset' type='String' isStatic='false' isConst='false' defaultValue='utf-8' >
<description><![CDATA[

		 The email characher set, only applies if email is of type "text/html".

		 

		 ]]></description>
<default><![CDATA["utf-8"

		 ]]></default>
</field>
<field name='from' fullname='com.doesflash.mail:AS3Mailer/from' type='String' isStatic='false' isConst='false' >
<description><![CDATA[

		 The sender's address.

		 ]]></description>
</field>
<field name='messageURL' fullname='com.doesflash.mail:AS3Mailer/messageURL' type='String' isStatic='false' isConst='false' >
<description><![CDATA[

		 The URL to the message.

		 ]]></description>
</field>
<field name='message' fullname='com.doesflash.mail:AS3Mailer/message' type='String' isStatic='false' isConst='false' >
<description><![CDATA[

		 The email's message.

		 ]]></description>
</field>
<field name='mimeVersion' fullname='com.doesflash.mail:AS3Mailer/mimeVersion' type='String' isStatic='false' isConst='false' defaultValue='1.0' >
<description><![CDATA[

		 The mimeVersion, this get's included in the email's header.

		 

		 ]]></description>
<default><![CDATA["1.0"

		 ]]></default>
</field>
<field name='scriptURL' fullname='com.doesflash.mail:AS3Mailer/scriptURL' type='String' isStatic='false' isConst='false' >
<description><![CDATA[

		 URL to the server script that sends the email.

		 ]]></description>
</field>
<field name='subject' fullname='com.doesflash.mail:AS3Mailer/subject' type='String' isStatic='false' isConst='false' >
<description><![CDATA[

		 The email's subject.

		 ]]></description>
</field>
<field name='type' fullname='com.doesflash.mail:AS3Mailer/type' type='String' isStatic='false' isConst='false' defaultValue='text/html' >
<description><![CDATA[

		 The email type. Options are: "text/html" or "text/plain".

		 

		 ]]></description>
<default><![CDATA["text/html"

		 

		 ]]></default>
<see><![CDATA[#TEXT_HTML

		 ]]></see>
<see><![CDATA[#TEXT_PLAIN

		 ]]></see>
</field>
</asdoc>
